Job Title,Job Link,Company Link,Status,Date Applied
" Quantitative Developer - Equity Research Technology ",https://mlp.eightfold.ai/careers/job/755940952399?pid=755940952399,https://mlp.eightfold.ai/careers/job/755940952399,applied,Sat Jun 21 2025 23:03:23 GMT-0400 (Eastern Daylight Time)
Software Engineer,https://www.linkedin.com/jobs/view/4251784913/,https://www.linkedin.com/company/roku,applied,Sat Jun 21 2025 22:22:07 GMT-0400 (Eastern Daylight Time)
Software Engineer (L2),https://job-boards.greenhouse.io/twilio/jobs/6988653,https://job-boards.greenhouse.io/twilio,applied,Sat Jun 21 2025 22:19:53 GMT-0400 (Eastern Daylight Time)
Senior SDeT- Deep Learning Compiler,https://nvidia.wd5.myworkdayjobs.com/en-US/NVIDIAExternalCareerSite/job/US%2C-CA%2C-Santa-Clara/Senior-SDeT--Deep-Learning-Compiler_JR1998967-1,https://www.nvidia.com/en-us/about-nvidia/careers/,applied,Sat Jun 21 2025 10:33:51 GMT-0400 (Eastern Daylight Time)
"Software Engineer, Fullstack",https://www.linkedin.com/jobs/view/4139558613/,https://www.linkedin.com/company/clear-by-alclear-llc,applied,Fri Jun 20 2025 23:01:28 GMT-0400 (Eastern Daylight Time)
Platform Engineer,https://www.linkedin.com/jobs/view/4248308140/,https://www.linkedin.com/company/republic.co,applied,Fri Jun 20 2025 22:59:01 GMT-0400 (Eastern Daylight Time)
"Data Engineer, Associate/ Senior Associate",https://www.linkedin.com/jobs/view/4250750621/,https://www.linkedin.com/company/cerberus-capital-management,applied,Fri Jun 20 2025 18:13:02 GMT-0400 (Eastern Daylight Time)
Full Stack Engineer,https://www.linkedin.com/jobs/view/4248095446/,https://www.linkedin.com/company/guac-ai,applied,Thu Jun 19 2025 20:59:38 GMT-0400 (Eastern Daylight Time)
Full Stack Engineer,https://www.linkedin.com/jobs/view/4206220708/,https://www.linkedin.com/company/dwight-funding,applied,Tue Jun 17 2025 20:49:22 GMT-0400 (Eastern Daylight Time)
"Senior Associate, Quantitative Analyst - Model Risk Audit",https://capitalone.wd12.myworkdayjobs.com/en-US/Capital_One/job/McLean-VA/Senior-Associate--Quantitative-Analyst---Model-Risk-Audit_R218298-1,https://www.capitalonecareers.com/,applied,Mon Jun 16 2025 12:59:35 GMT-0400 (Eastern Daylight Time)
Machine Learning Engineer (Ad Strategy),https://www.linkedin.com/jobs/view/4210607143/,https://www.linkedin.com/company/mintegral-mobilemarketing,applied,Fri Jun 13 2025 07:42:20 GMT-0400 (Eastern Daylight Time)
"Backend Engineer - Python, Associate",https://blackrock.wd1.myworkdayjobs.com/en-US/BlackRock_Professional/job/Princeton-NJ/Associate--Full-Stack-Engineer_R253003,https://blackrock.wd1.myworkdayjobs.com/en-US/BlackRock_Professional,applied,Thu Jun 12 2025 14:16:53 GMT-0400 (Eastern Daylight Time)
"Software Engineer, TikTok AI Video Editing",https://lifeattiktok.com/position/7512902886977882376/detail,https://lifeattiktok.com/,applied,Thu Jun 12 2025 12:34:27 GMT-0400 (Eastern Daylight Time)
"Software Engineer, Product",https://www.linkedin.com/jobs/view/4245404842/,https://www.linkedin.com/company/asana,applied,Thu Jun 12 2025 07:48:32 GMT-0400 (Eastern Daylight Time)
Application Support Engineer II,https://www.linkedin.com/jobs/view/4245557431/,https://www.linkedin.com/company/flywire,applied,Mon Jun 09 2025 14:46:08 GMT-0400 (Eastern Daylight Time)
Software Engineer I - Integrations,https://www.linkedin.com/jobs/view/4243342215/,https://www.linkedin.com/company/flywire,applied,Mon Jun 09 2025 14:44:23 GMT-0400 (Eastern Daylight Time)
Software Engineer II,https://www.linkedin.com/jobs/view/4245121133/,https://www.linkedin.com/company/everbridge,applied,Mon Jun 09 2025 14:41:38 GMT-0400 (Eastern Daylight Time)
"Software Engineer, Traffic Infrastructure",https://job-boards.greenhouse.io/discord/jobs/8015636002,https://job-boards.greenhouse.io/discord,applied,Mon Jun 09 2025 07:09:56 GMT-0400 (Eastern Daylight Time)
Software Engineer - Backend,https://jobs.lever.co/plaid/49139a62-a9bc-4400-ae89-789818b34cb8,https://plaid.com/,applied,Sat Jun 07 2025 17:32:53 GMT-0400 (Eastern Daylight Time)
Software Engineer - Hawkeye,https://www.linkedin.com/jobs/view/4245762922/,https://www.linkedin.com/company/rubrik-inc,applied,Sat Jun 07 2025 16:37:26 GMT-0400 (Eastern Daylight Time)
"Sr. Software Engineer, Payments",https://job-boards.greenhouse.io/vimeo/jobs/6865972,https://job-boards.greenhouse.io/vimeo,applied,Sat Jun 07 2025 15:36:17 GMT-0400 (Eastern Daylight Time)
Machine Learning Engineer,https://www.linkedin.com/jobs/view/4216903794/,https://www.linkedin.com/company/tvscientific,applied,Sat Jun 07 2025 15:20:51 GMT-0400 (Eastern Daylight Time)
Software Engineer (Mid-Senior),https://jobs.ashbyhq.com/leland/b447fec5-42cd-48b2-aed3-8d62c777019c,https://www.joinleland.com/,applied,Sat Jun 07 2025 15:16:21 GMT-0400 (Eastern Daylight Time)
Backend Engineer,https://www.linkedin.com/jobs/view/4243301017/,https://www.linkedin.com/company/theconradapp,applied,Sat Jun 07 2025 07:23:04 GMT-0400 (Eastern Daylight Time)
Software Engineer II,https://etsy.wd5.myworkdayjobs.com/en-US/Etsy_Careers/job/Brooklyn%2C-New-York/Senior-Software-Engineer-II--Machine-Learning_JR4324,https://careers.etsy.com/home,applied,Fri Jun 06 2025 22:12:44 GMT-0400 (Eastern Daylight Time)
"Software Engineer II, Agent Platform Experience (APX)",https://etsy.wd5.myworkdayjobs.com/en-US/Etsy_Careers/job/Brooklyn%2C-New-York/Software-Engineer-II--Agent-Platform-Experience--APX-_JR4677-1,https://careers.etsy.com/home,applied,Fri Jun 06 2025 22:11:18 GMT-0400 (Eastern Daylight Time)
"Sr. Software Engineer, Payments",https://www.linkedin.com/jobs/view/4212199333/,https://www.linkedin.com/company/vimeo,applied,Fri Jun 06 2025 18:22:20 GMT-0400 (Eastern Daylight Time)
"Senior Full Stack Engineer, AI Leverage Engineering",https://job-boards.greenhouse.io/ridgeline/jobs/6341870003,https://job-boards.greenhouse.io/ridgeline,applied,Thu Jun 05 2025 21:25:20 GMT-0400 (Eastern Daylight Time)
Software Engineer,https://www.linkedin.com/jobs/view/4239739040/,https://www.linkedin.com/company/dotdashmeredith,applied,Tue Jun 03 2025 08:56:23 GMT-0400 (Eastern Daylight Time)
"Associate Engineer, Technology I",https://www.indeed.com/viewjob?jk=cbf88bff50ef7c98,https://www.indeed.com/cmp/AbbVie,applied,Tue Jun 03 2025 08:20:00 GMT-0400 (Eastern Daylight Time)
Software Development Engineer in Test - ICAQ,https://www.linkedin.com/jobs/view/4240288127/,https://www.linkedin.com/company/bytedance,applied,Tue Jun 03 2025 06:46:57 GMT-0400 (Eastern Daylight Time)
Data Engineer / Data Scientist,https://www.linkedin.com/jobs/view/4240238208/,https://www.linkedin.com/company/voolt,applied,Tue Jun 03 2025 06:46:27 GMT-0400 (Eastern Daylight Time)
Senior Software Development Engineer - GenAI Solutions implementation,https://www.linkedin.com/jobs/view/4236388350/,https://www.linkedin.com/company/workday,applied,Tue Jun 03 2025 05:56:23 GMT-0400 (Eastern Daylight Time)
Data Scientist,https://www.linkedin.com/jobs/view/4239612204/,https://www.linkedin.com/company/rokt,applied,Mon Jun 02 2025 16:44:39 GMT-0400 (Eastern Daylight Time)
Senior Software Engineer - Fandango,https://www.linkedin.com/jobs/view/4237250720/,https://www.linkedin.com/company/fandango,applied,Mon Jun 02 2025 16:43:00 GMT-0400 (Eastern Daylight Time)
Data Engineer 3,https://www.linkedin.com/jobs/view/4237268867/,https://www.linkedin.com/company/nbcuniversal-inc-,applied,Mon Jun 02 2025 16:36:40 GMT-0400 (Eastern Daylight Time)
"Senior Software Engineer, Distributed Backend",https://www.linkedin.com/jobs/view/4239733673/,https://www.linkedin.com/company/roku,applied,Mon Jun 02 2025 16:33:54 GMT-0400 (Eastern Daylight Time)
Software Engineer,https://www.linkedin.com/jobs/view/4239608781/,https://www.linkedin.com/company/rokt,applied,Mon Jun 02 2025 16:32:44 GMT-0400 (Eastern Daylight Time)
Data Engineer- Spring Boot,https://www.linkedin.com/jobs/view/4243006067/,https://www.linkedin.com/company/consumer-reports,applied,Mon Jun 02 2025 16:31:39 GMT-0400 (Eastern Daylight Time)
Software Engineer II,https://www.linkedin.com/jobs/view/4236824707/,https://www.linkedin.com/company/chewy-com,applied,Mon Jun 02 2025 16:30:16 GMT-0400 (Eastern Daylight Time)
Test Engineer - System Level Debug,https://www.linkedin.com/jobs/view/4239752353/,https://www.linkedin.com/company/amd,applied,Mon Jun 02 2025 16:28:33 GMT-0400 (Eastern Daylight Time)
Data Engineer - Data Platform,https://www.linkedin.com/jobs/view/4236245641/,https://www.linkedin.com/company/tiktok,applied,Mon Jun 02 2025 16:27:26 GMT-0400 (Eastern Daylight Time)
"Senior Software Engineer, Distributed Backend",https://www.linkedin.com/jobs/view/4239734599/,https://www.linkedin.com/company/roku,applied,Mon Jun 02 2025 11:19:07 GMT-0400 (Eastern Daylight Time)
"Software Engineer, Data Security - San Jose",https://www.linkedin.com/jobs/view/4236244615/,https://www.linkedin.com/company/bytedance,applied,Mon Jun 02 2025 11:03:09 GMT-0400 (Eastern Daylight Time)
"Software Developer (C#, Derivatives)",https://www.linkedin.com/jobs/view/4238040084/,https://www.linkedin.com/company/jefferies,applied,Mon Jun 02 2025 11:02:41 GMT-0400 (Eastern Daylight Time)
"Application Engineer (C++ & Java), Associate",https://blackrock.wd1.myworkdayjobs.com/en-US/BlackRock_Professional/job/New-York-NY/Application-Engineer--C-----Java---Associate_R253132,https://blackrock.wd1.myworkdayjobs.com/en-US/BlackRock_Professional,applied,Mon Jun 02 2025 08:28:57 GMT-0400 (Eastern Daylight Time)
Platform Engineer,https://www.linkedin.com/jobs/view/4228431743/,https://www.linkedin.com/company/vortexa,applied,Mon Jun 02 2025 07:52:15 GMT-0400 (Eastern Daylight Time)
Software Engineer - Oracle Fusion Developer,https://job-boards.greenhouse.io/shift4/jobs/4717131007,https://job-boards.greenhouse.io/shift4,applied,Sun Jun 01 2025 23:34:21 GMT-0400 (Eastern Daylight Time)
Senior Product Manager - Mobile,https://www.linkedin.com/jobs/view/4180044872/,https://www.linkedin.com/company/samsara,applied,Sun Jun 01 2025 23:30:51 GMT-0400 (Eastern Daylight Time)
Software Engineer - Data Infrastructure,https://job-boards.greenhouse.io/figma/jobs/5470979004,https://job-boards.greenhouse.io/figma,applied,Sun Jun 01 2025 23:30:05 GMT-0400 (Eastern Daylight Time)
Backend Software Engineer - FIDO2 Authentication - San Jose,https://www.linkedin.com/jobs/view/4238809449/,https://www.linkedin.com/company/bytedance,applied,Sun Jun 01 2025 23:19:34 GMT-0400 (Eastern Daylight Time)
"Backend Software Engineer, Global E-Commerce Funding Center",https://www.linkedin.com/jobs/view/4236561839/,https://www.linkedin.com/company/bytedance,applied,Sun Jun 01 2025 23:18:20 GMT-0400 (Eastern Daylight Time)
Senior Software Engineer,https://www.linkedin.com/jobs/view/4241503437/,https://www.linkedin.com/company/hifibridge,applied,Sun Jun 01 2025 23:16:34 GMT-0400 (Eastern Daylight Time)
Software Engineer - Data Engineering,https://job-boards.greenhouse.io/akunacapital/jobs/6648573,https://job-boards.greenhouse.io/akunacapital,applied,Sat May 31 2025 18:20:31 GMT-0400 (Eastern Daylight Time)
"Software Engineer, Data Engineering",https://job-boards.greenhouse.io/neuralink/jobs/6521553003,https://job-boards.greenhouse.io/neuralink,applied,Sat May 31 2025 11:18:31 GMT-0400 (Eastern Daylight Time)
Software Engineer (US),https://jobs.lever.co/Onehouse/d15feb0a-3777-4151-b489-93ff6218eb4a,https://www.onehouse.ai/,applied,Sat May 31 2025 11:15:42 GMT-0400 (Eastern Daylight Time)
Senior Software Engineer,https://www.linkedin.com/jobs/view/4223209953/,https://www.linkedin.com/company/withdefault,applied,Fri May 30 2025 21:47:14 GMT-0400 (Eastern Daylight Time)
Senior Software Engineer,https://www.linkedin.com/jobs/view/4212090796/,https://www.linkedin.com/company/caladan-bio,applied,Fri May 30 2025 21:46:03 GMT-0400 (Eastern Daylight Time)
Software Engineer,https://www.linkedin.com/jobs/view/4226495030/,https://www.linkedin.com/company/getminoa,applied,Fri May 30 2025 21:44:25 GMT-0400 (Eastern Daylight Time)
Software Engineer - Hybrid 3 days - 1 On-call Rotational Week / Every 7th week,https://factset.wd1.myworkdayjobs.com/en-US/FactSetCareers/job/Norwalk%2C-CT%2C-USA/Software-Engineer---Hybrid-3-days---1-On-call-Rotational-Week---Every-7th-week_R27527,https://factset.wd1.myworkdayjobs.com/en-US/FactSetCareers,applied,Fri May 30 2025 21:42:57 GMT-0400 (Eastern Daylight Time)
"Software Engineer Backend, Credit Cards and Banking",https://job-boards.greenhouse.io/robinhood/jobs/6647606,https://job-boards.greenhouse.io/robinhood,applied,Fri May 30 2025 20:40:56 GMT-0400 (Eastern Daylight Time)
Systems Engineer - Data Systems & Platforms,https://job-boards.greenhouse.io/wehrtyou/jobs/6337827,https://job-boards.greenhouse.io/wehrtyou,applied,Fri May 30 2025 20:32:54 GMT-0400 (Eastern Daylight Time)
Software Engineer II,https://www.linkedin.com/jobs/view/4226380948/,https://www.linkedin.com/company/talkdesk,applied,Fri May 30 2025 20:16:59 GMT-0400 (Eastern Daylight Time)
"Software Engineer, Engines",https://www.linkedin.com/jobs/view/4240645379/,https://www.linkedin.com/company/firebolt,applied,Fri May 30 2025 20:15:54 GMT-0400 (Eastern Daylight Time)
Software Engineer - Ecosystems,https://jobs.ashbyhq.com/MotherDuck/3e0aaaaa-4746-404c-b5b0-b82e805737df,https://motherduck.com/,applied,Thu May 29 2025 10:13:27 GMT-0400 (Eastern Daylight Time)
"Software Engineer - Compliance ",https://job-boards.greenhouse.io/chicagotradingreferral/jobs/4563568005,https://job-boards.greenhouse.io/chicagotradingreferral,applied,Thu May 29 2025 10:05:27 GMT-0400 (Eastern Daylight Time)
Software Engineer II – Developer Productivity,https://www.indeed.com/viewjob?jk=884f22012f2e14bb,https://www.indeed.com/cmp/CoreWeave,applied,Wed May 28 2025 18:42:24 GMT-0400 (Eastern Daylight Time)
Software Engineer - Backend,https://rakuten.wd1.myworkdayjobs.com/en-US/RakutenRewards/job/San-Mateo%2C-California/Software-Engineer---Backend_1026121,https://rakuten.wd1.myworkdayjobs.com/en-US/RakutenRewards,applied,Wed May 28 2025 17:14:31 GMT-0400 (Eastern Daylight Time)
"Software Engineer II, Billing",https://www.indeed.com/viewjob?jk=d02f7d3dfb9a14a6,https://www.indeed.com/cmp/Alma,applied,Wed May 28 2025 17:07:01 GMT-0400 (Eastern Daylight Time)
Intermediate Analytics Data Engineer,https://myhrabc.wd5.myworkdayjobs.com/en-US/Global/job/Remote%2C-USA/Intermediate-Analytics-Data-Engineer_R259178,https://cencora.recruiting.com/,applied,Wed May 28 2025 17:04:30 GMT-0400 (Eastern Daylight Time)
Java Software Engineer,https://www.linkedin.com/jobs/view/4239555290/,https://www.linkedin.com/company/limetrading,applied,Wed May 28 2025 16:57:45 GMT-0400 (Eastern Daylight Time)
SDE I,https://www.linkedin.com/jobs/view/4239353401/,https://www.linkedin.com/company/nium-global,applied,Wed May 28 2025 16:56:20 GMT-0400 (Eastern Daylight Time)
Software Engineer,https://jobs.lever.co/logrocket/74f94d92-6d35-4246-8fda-9f3f0f036ac2,https://logrocket.com/,applied,Wed May 28 2025 16:19:19 GMT-0400 (Eastern Daylight Time)
Software Engineer II,https://careers-hingehealth.icims.com/jobs/2014/software-engineer-ii/job,https://careers-hingehealth.icims.com/jobs/dashboard,applied,Tue May 27 2025 21:19:39 GMT-0400 (Eastern Daylight Time)
Software Engineer II - Fullstack,https://careers-hingehealth.icims.com/jobs/2098/software-engineer-ii---fullstack/job,https://careers-hingehealth.icims.com/jobs/dashboard,applied,Tue May 27 2025 21:17:11 GMT-0400 (Eastern Daylight Time)
Software Engineer - Security,https://job-boards.greenhouse.io/clickhouse/jobs/5425571004,https://job-boards.greenhouse.io/clickhouse,applied,Tue May 27 2025 10:43:06 GMT-0400 (Eastern Daylight Time)
Software Engineer,https://jobs.ashbyhq.com/numeric/78fb5afa-b70f-44c2-b778-eaa1d1cc3a89,https://www.numeric.io/,applied,Tue May 27 2025 08:26:00 GMT-0400 (Eastern Daylight Time)
"Software Engineer, Data Products",https://jobs.ashbyhq.com/compa/c4f329df-50a8-4fb8-8e2c-62d661fe47d5,http://compa.ai/,applied,Mon May 26 2025 13:07:55 GMT-0400 (Eastern Daylight Time)
"Software Engineer, Backend",https://job-boards.greenhouse.io/pika/jobs/4164216007,https://job-boards.greenhouse.io/pika,applied,Mon May 26 2025 09:28:33 GMT-0400 (Eastern Daylight Time)
Software Engineer (C++),https://www.linkedin.com/jobs/view/4235095821/,https://www.linkedin.com/company/flextrade,applied,Mon May 26 2025 09:26:20 GMT-0400 (Eastern Daylight Time)
"Software Engineer, Back End",https://us-careers-rivian.icims.com/jobs/23990/software-engineer%2c-back-end/job,https://us-careers-rivian.icims.com/jobs/dashboard,applied,Mon May 26 2025 09:24:42 GMT-0400 (Eastern Daylight Time)
Software Engineer - Backend,https://www.indeed.com/viewjob?jk=b325f72c617af419,https://www.indeed.com/cmp/Finch-Legal,applied,Mon May 26 2025 09:19:29 GMT-0400 (Eastern Daylight Time)
"Associate, Software Engineer (3570)",,https://careers.smbcgroup.com/smbc/?locale=en_US,applied,Sat May 24 2025 09:42:28 GMT-0400 (Eastern Daylight Time)
Software Engineer - Backend,https://www.indeed.com/viewjob?jk=b325f72c617af419,https://www.indeed.com/cmp/Finch-Legal,applied,Sat May 24 2025 09:30:10 GMT-0400 (Eastern Daylight Time)
Software Engineer II,https://uscareers-siriusxmradio.icims.com/jobs/16740/software-engineer-ii/job,https://uscareers-siriusxmradio.icims.com/jobs/dashboard,applied,Sat May 24 2025 09:29:23 GMT-0400 (Eastern Daylight Time)
Machine Learning Engineer,https://www.indeed.com/viewjob?jk=37865f1c5991c5d0,https://www.indeed.com/cmp/Finch-Legal,applied,Sat May 24 2025 09:25:52 GMT-0400 (Eastern Daylight Time)
Software Engineer - Full Stack,https://www.indeed.com/viewjob?jk=c4cc7c2f6917a572,https://www.indeed.com/cmp/Finch-Legal,applied,Sat May 24 2025 09:24:47 GMT-0400 (Eastern Daylight Time)
"Backend/API Engineer, Money as a Service (US)",https://job-boards.greenhouse.io/stripe/jobs/6176758,https://job-boards.greenhouse.io/stripe,applied,Sat May 24 2025 07:57:58 GMT-0400 (Eastern Daylight Time)
Software Engineer - Backend,https://job-boards.greenhouse.io/paveakatroveinformationtechnologies/jobs/4568492005,https://job-boards.greenhouse.io/paveakatroveinformationtechnologies,applied,Sat May 24 2025 07:48:57 GMT-0400 (Eastern Daylight Time)
QA Engineer,https://www.linkedin.com/jobs/view/4125162513/,https://www.linkedin.com/company/tradeweb,applied,Sat May 24 2025 07:33:39 GMT-0400 (Eastern Daylight Time)
Javascript Engineer - Data Visualization,https://www.linkedin.com/jobs/view/4105517398/,https://www.linkedin.com/company/tradeweb,applied,Sat May 24 2025 07:33:07 GMT-0400 (Eastern Daylight Time)
"Software Engineer, Quantitative",https://www.linkedin.com/jobs/view/4219540767/,https://www.linkedin.com/company/fanduel,applied,Sat May 24 2025 07:31:53 GMT-0400 (Eastern Daylight Time)
Senior Full Stack Engineer - LLM Product,https://jobs.ashbyhq.com/Jerry/d7f007fa-13a4-4293-bd7e-ac6224dee733,https://www.jerry.ai/,applied,Sat May 24 2025 07:28:33 GMT-0400 (Eastern Daylight Time)
Software Development Engineer I,https://remitly.wd5.myworkdayjobs.com/en-US/Remitly_Careers/job/Seattle%2C-Washington-United-States/Software-Development-Engineer-I_R_104015,https://careers.remitly.com/,applied,Thu May 22 2025 16:23:23 GMT-0400 (Eastern Daylight Time)
Senior Backend Engineer,https://www.indeed.com/viewjob?jk=245f81ff77c8d6d4,https://www.indeed.com/cmp/MoneyLion,applied,Thu May 22 2025 12:23:05 GMT-0400 (Eastern Daylight Time)
Data Product Engineer,https://www.linkedin.com/jobs/view/4214698818/,https://www.linkedin.com/company/tradeweb,applied,Thu May 22 2025 07:52:14 GMT-0400 (Eastern Daylight Time)
Software Engineer II – Developer Productivity,https://job-boards.greenhouse.io/coreweave/jobs/4568592006,https://job-boards.greenhouse.io/coreweave,applied,Wed May 21 2025 07:36:33 GMT-0400 (Eastern Daylight Time)
Full Stack Engineer,https://www.linkedin.com/jobs/view/4221349901/,https://www.linkedin.com/company/b&h-photo-video,applied,Wed May 21 2025 07:19:03 GMT-0400 (Eastern Daylight Time)
Software Engineer - Data,https://www.linkedin.com/jobs/view/4223780538/,https://www.linkedin.com/company/wearenupeople,applied,Wed May 21 2025 07:18:19 GMT-0400 (Eastern Daylight Time)
Software Development Engineer,https://www.linkedin.com/jobs/view/4221276729/,https://www.linkedin.com/company/talent-software-services,applied,Tue May 20 2025 14:26:07 GMT-0400 (Eastern Daylight Time)
Software Engineer,https://job-boards.greenhouse.io/virtu/jobs/6072565002,https://job-boards.greenhouse.io/virtu,applied,Tue May 20 2025 14:24:10 GMT-0400 (Eastern Daylight Time)
"Software Engineer ",https://job-boards.greenhouse.io/capstoneinvestmentadvisors/jobs/7769223002,https://job-boards.greenhouse.io/capstoneinvestmentadvisors,applied,Tue May 20 2025 14:23:20 GMT-0400 (Eastern Daylight Time)
Software Engineer (SDK),https://www.linkedin.com/jobs/view/4206055411/,https://www.linkedin.com/company/rokt,applied,Tue May 20 2025 14:20:09 GMT-0400 (Eastern Daylight Time)
Java Software Engineer (Chinese and English Speaking),https://www.linkedin.com/jobs/view/4226516687/,https://www.linkedin.com/company/spglobal,applied,Tue May 20 2025 14:19:33 GMT-0400 (Eastern Daylight Time)
Software Engineer,https://www.linkedin.com/jobs/view/4228696360/,https://www.linkedin.com/company/rokt,applied,Tue May 20 2025 14:18:46 GMT-0400 (Eastern Daylight Time)
"Software Engineer, Quantitative",https://www.linkedin.com/jobs/view/4231036668/,https://www.linkedin.com/company/fanduel,applied,Sun May 18 2025 14:21:22 GMT-0400 (Eastern Daylight Time)
Software Development Engineer in Test II,https://job-boards.greenhouse.io/sonyinteractiveentertainmentglobal/jobs/5524072004,https://job-boards.greenhouse.io/sonyinteractiveentertainmentglobal,applied,Sun May 18 2025 14:05:38 GMT-0400 (Eastern Daylight Time)
" Quant Modeling ",https://mlp.eightfold.ai/careers/job/755943427655?pid=755943427655,https://mlp.eightfold.ai/careers/job/755943427655,applied,Sun May 18 2025 13:24:12 GMT-0400 (Eastern Daylight Time)
Software Engineer II – FinTech,https://job-boards.eu.greenhouse.io/stubhubinc/jobs/4590719101,https://job-boards.eu.greenhouse.io/stubhubinc,applied,Sun May 18 2025 13:11:39 GMT-0400 (Eastern Daylight Time)
Software Engineer II (Remote),https://homedepot.wd5.myworkdayjobs.com/en-US/CareerDepot/job/GEORGIA---VIRTUAL---GA01/Software-Engineer-II--Remote-_Req145449,https://careers.homedepot.com/,applied,Sun May 18 2025 12:20:09 GMT-0400 (Eastern Daylight Time)
Software Engineer,https://job-boards.greenhouse.io/robinhood/jobs/6837498,https://job-boards.greenhouse.io/robinhood,applied,Sun May 18 2025 12:17:26 GMT-0400 (Eastern Daylight Time)
Software Engineer II,https://www.linkedin.com/jobs/view/4231388880/,https://www.linkedin.com/company/chewy-com,applied,Sun May 18 2025 12:07:15 GMT-0400 (Eastern Daylight Time)
Senior Software Engineer (Remote),https://homedepot.wd5.myworkdayjobs.com/en-US/CareerDepot/job/GEORGIA---VIRTUAL---GA01/Senior-Software-Engineer--Remote-_Req146265-1,https://careers.homedepot.com/,applied,Sun May 18 2025 12:04:12 GMT-0400 (Eastern Daylight Time)
Senior Software Engineer | GTM Platform,https://jobs.ashbyhq.com/ramp/9bedace8-3005-4235-a982-a68f6c29e13b,https://ramp.com/,applied,Sun May 18 2025 11:58:54 GMT-0400 (Eastern Daylight Time)
Software Engineer | Infrastructure,https://jobs.ashbyhq.com/ramp/0ea43bb5-201b-4626-ae19-1d7ae3a3193f,https://ramp.com/,applied,Sun May 18 2025 11:48:00 GMT-0400 (Eastern Daylight Time)
Software Engineer II – Developer Productivity,https://job-boards.greenhouse.io/coreweave/jobs/4568592006,https://job-boards.greenhouse.io/coreweave,applied,Sat May 17 2025 06:46:48 GMT-0400 (Eastern Daylight Time)
Machine Learning Engineer I,https://job-boards.greenhouse.io/affirm/jobs/6570371003,https://job-boards.greenhouse.io/affirm,applied,Sat May 17 2025 06:41:05 GMT-0400 (Eastern Daylight Time)
"Software Developer, TradePMR",https://job-boards.greenhouse.io/robinhood/jobs/6732520,https://job-boards.greenhouse.io/robinhood,applied,Sat May 17 2025 06:31:23 GMT-0400 (Eastern Daylight Time)
Software Engineer,https://job-boards.greenhouse.io/angi/jobs/7864216002,https://job-boards.greenhouse.io/angi,applied,Sat May 17 2025 06:29:53 GMT-0400 (Eastern Daylight Time)
"Software Engineer, Product Engagement (Credit Card)",https://job-boards.greenhouse.io/gemini/jobs/6419836,https://job-boards.greenhouse.io/gemini,applied,Sat May 17 2025 06:27:03 GMT-0400 (Eastern Daylight Time)
Software Engineer,https://www.linkedin.com/jobs/view/4222292937/,https://www.linkedin.com/company/adaptivesecurity,applied,Sat May 17 2025 06:24:56 GMT-0400 (Eastern Daylight Time)
"Software Engineer, Batch Data",https://jobs.ashbyhq.com/tectonai/fdec8b66-b72d-48d2-b47a-359b74359b69,https://www.tecton.ai/,applied,Sat May 17 2025 06:23:11 GMT-0400 (Eastern Daylight Time)
"Software Engineer (Full Stack, Senior) - Multiple Teams ",https://job-boards.greenhouse.io/momentmarkets/jobs/4350345007,https://job-boards.greenhouse.io/momentmarkets,applied,Sat May 17 2025 06:21:39 GMT-0400 (Eastern Daylight Time)
Software Engineer,https://jobs.ashbyhq.com/agentio/1b0fa216-fd7f-4d11-ae42-061898dbbb91,https://agentio.com/,applied,Sat May 17 2025 06:17:02 GMT-0400 (Eastern Daylight Time)
Backend Software Engineer,https://job-boards.greenhouse.io/affinipay1/jobs/4439690006,https://job-boards.greenhouse.io/affinipay1,applied,Wed May 14 2025 20:06:32 GMT-0400 (Eastern Daylight Time)
System Development Engineer-Database,https://www.linkedin.com/jobs/view/4210552670/,https://www.linkedin.com/company/alibaba-cloud-computing-company,applied,Tue May 13 2025 10:37:48 GMT-0400 (Eastern Daylight Time)
Software Engineer,https://www.linkedin.com/jobs/view/4225695847/,https://www.linkedin.com/company/rokt,applied,Tue May 13 2025 10:35:41 GMT-0400 (Eastern Daylight Time)
Backend Software Engineer,https://job-boards.greenhouse.io/pinterest/jobs/4813946,https://job-boards.greenhouse.io/pinterest,applied,Tue May 13 2025 10:31:08 GMT-0400 (Eastern Daylight Time)
"Sr. Software Engineer, Big Data",https://job-boards.greenhouse.io/pinterest/jobs/6662087,https://job-boards.greenhouse.io/pinterest,applied,Tue May 13 2025 10:30:00 GMT-0400 (Eastern Daylight Time)
"Senior Programmer-VBL, SQL, Power Apps",https://www.linkedin.com/jobs/view/4218784458/,https://www.linkedin.com/company/summit-financialllc,applied,Sat May 10 2025 07:42:14 GMT-0400 (Eastern Daylight Time)
"Software Engineer, AI Studio",https://www.linkedin.com/jobs/view/4180646746/,https://www.linkedin.com/company/asana,applied,Wed May 07 2025 06:59:59 GMT-0400 (Eastern Daylight Time)
Founding Engineer,https://www.linkedin.com/jobs/view/4217444572/,https://www.linkedin.com/company/peerbound-inc,applied,Mon May 05 2025 20:34:07 GMT-0400 (Eastern Daylight Time)
Senior Software Engineer - Product,https://www.linkedin.com/jobs/view/4213651019/,https://www.linkedin.com/company/mighty-com,applied,Mon May 05 2025 20:31:08 GMT-0400 (Eastern Daylight Time)
Full Stack Engineer,https://www.linkedin.com/jobs/view/4219005109/,https://www.linkedin.com/company/hsbc,applied,Mon May 05 2025 19:03:35 GMT-0400 (Eastern Daylight Time)
"Software Engineer, Crypto",https://job-boards.greenhouse.io/sofi/jobs/6555228003,https://job-boards.greenhouse.io/sofi,applied,Sun May 04 2025 10:10:47 GMT-0400 (Eastern Daylight Time)
" Software Engineer - SnowTrail",https://jobs.ashbyhq.com/snowflake/c897a578-3681-4ed1-91c3-29776e5464af,https://www.snowflake.com/,applied,Sun May 04 2025 10:06:46 GMT-0400 (Eastern Daylight Time)
"Software Engineer, Marketplace",https://app.careerpuck.com/job-board/lyft/job/7977002002?gh_jid=7977002002,https://app.careerpuck.com,applied,Sun May 04 2025 10:03:46 GMT-0400 (Eastern Daylight Time)
Software Engineer,,https://www.doordash.com,interview,Sun May 04 2025 00:00:00 GMT-0400 (Eastern Daylight Time)
Quantitative Developer,https://www.linkedin.com/jobs/view/4112961069/,https://www.linkedin.com/company/caxton-associates,applied,Sun May 04 2025 08:09:45 GMT-0400 (Eastern Daylight Time)
"Software Engineer, Quantitative",https://www.linkedin.com/jobs/view/4202630611/,https://www.linkedin.com/company/fanduel,applied,Sat May 03 2025 09:55:33 GMT-0400 (Eastern Daylight Time)
Software Engineer,https://www.linkedin.com/jobs/view/4222506981/,https://www.linkedin.com/company/cassidyai,applied,Sat May 03 2025 08:21:28 GMT-0400 (Eastern Daylight Time)
Software Development Engineer,https://cvshealth.wd1.myworkdayjobs.com/en-US/CVS_Health_Careers/job/NJ---Florham-Park/Software-Development-Engineer_R0558537,https://cvshealth.wd1.myworkdayjobs.com/CVS_Health_Careers,applied,Sat May 03 2025 08:20:48 GMT-0400 (Eastern Daylight Time)
"Software Engineer, Database Platform",https://job-boards.greenhouse.io/sofi/jobs/6562078003,https://job-boards.greenhouse.io/sofi,applied,Fri May 02 2025 23:25:27 GMT-0400 (Eastern Daylight Time)
Software Engineer - Associate P3,https://ms.wd5.myworkdayjobs.com/en-US/External/job/New-York-New-York-United-States-of-America/Software-Engineer---Associate-P3_PT-JR007338-1,https://www.morganstanley.com/people,applied,Fri May 02 2025 19:08:23 GMT-0400 (Eastern Daylight Time)
Software Engineering MTS,https://salesforce.wd12.myworkdayjobs.com/en-US/External_Career_Site/job/Washington---Bellevue/Software-Engineering-MTS_JR293643,https://salesforce.wd12.myworkdayjobs.com/en-US/External_Career_Site,applied,Fri May 02 2025 18:54:51 GMT-0400 (Eastern Daylight Time)
Data Engineer II,https://ghr.wd1.myworkdayjobs.com/en-US/lateral-apac/job/Charlotte/Data-Engineer-II_25019497,https://ghr.wd1.myworkdayjobs.com/en-US/lateral-apac,applied,Fri May 02 2025 18:41:32 GMT-0400 (Eastern Daylight Time)
Big Data Tools Engineer - Software Dev Engineer I,https://ouryahoo.wd5.myworkdayjobs.com/en-US/careers/job/United-States-of-America/Big-Data-Tools-Engineer---Software-Dev-Engineer-I_JR0025664,https://ouryahoo.wd5.myworkdayjobs.com/en-US/careers,applied,Fri May 02 2025 18:29:45 GMT-0400 (Eastern Daylight Time)
"Backend Engineer, Data Platform",https://job-boards.greenhouse.io/launchdarkly/jobs/6561207003,https://job-boards.greenhouse.io/launchdarkly,applied,Fri May 02 2025 18:22:45 GMT-0400 (Eastern Daylight Time)
"Software Engineer, Ads Infrastructure - Supply",https://job-boards.greenhouse.io/moloco/jobs/6513974003,https://job-boards.greenhouse.io/moloco,applied,Mon Apr 28 2025 07:38:58 GMT-0400 (Eastern Daylight Time)
Software Engineer,https://www.linkedin.com/jobs/view/4218184783/,https://www.linkedin.com/company/twentyai,applied,Mon Apr 28 2025 07:04:46 GMT-0400 (Eastern Daylight Time)
Software Engineer (New Grad Program),https://job-boards.greenhouse.io/sigmacomputing/jobs/6351817003,https://job-boards.greenhouse.io/sigmacomputing,applied,Mon Apr 28 2025 07:01:45 GMT-0400 (Eastern Daylight Time)
"Full-Stack Engineer, Substack Enterprise",https://www.indeed.com/viewjob?jk=8c237023597fe03c,https://www.indeed.com/cmp/Substack,applied,Mon Apr 28 2025 06:53:41 GMT-0400 (Eastern Daylight Time)
"Data Integration Engineer, Technology",https://job-boards.greenhouse.io/point72/jobs/7933631002,https://job-boards.greenhouse.io/point72,applied,Sun Apr 27 2025 10:52:24 GMT-0400 (Eastern Daylight Time)
Java Software Developer (Mid-Senior Level),https://www.indeed.com/viewjob?jk=f89cc3562607af3d,https://www.indeed.com/cmp/Interactive-Brokers,applied,Thu Apr 24 2025 22:55:19 GMT-0400 (Eastern Daylight Time)
Software Engineer I,https://job-boards.greenhouse.io/extrahopnetworks/jobs/5422985004,https://job-boards.greenhouse.io/extrahopnetworks,applied,Thu Apr 24 2025 22:48:59 GMT-0400 (Eastern Daylight Time)
Backend Software Engineer,https://www.indeed.com/viewjob?jk=488a061e697987b9,https://www.indeed.com/cmp/CardFlight,applied,Mon Apr 21 2025 13:58:13 GMT-0400 (Eastern Daylight Time)
"Software Engineer I, Omnichannel",https://job-boards.greenhouse.io/flexport/jobs/6795493,https://job-boards.greenhouse.io/flexport,applied,Mon Apr 21 2025 09:53:46 GMT-0400 (Eastern Daylight Time)
Staff Fraud and Risk Analyst,https://uscareers-intuit.icims.com/jobs/69154/staff-fraud-and-risk-analyst/job,https://uscareers-intuit.icims.com/jobs/dashboard,applied,Sun Apr 20 2025 12:51:53 GMT-0400 (Eastern Daylight Time)
"Software Engineer, UI",https://www.indeed.com/viewjob?jk=a8b5c6ac20d8300b,https://www.indeed.com/cmp/Interactive-Brokers,applied,Sat Apr 19 2025 22:08:58 GMT-0400 (Eastern Daylight Time)
Software Engineer I - Safety,https://www.linkedin.com/jobs/view/4209166892/,https://www.linkedin.com/company/samsara,applied,Fri Apr 18 2025 14:21:01 GMT-0400 (Eastern Daylight Time)
Backend Software Engineer,https://www.linkedin.com/jobs/view/4211245655/,https://www.linkedin.com/company/consensus-nlp,applied,Thu Apr 17 2025 22:50:37 GMT-0400 (Eastern Daylight Time)
Software Engineer,https://www.linkedin.com/jobs/view/4205423182/,https://www.linkedin.com/company/cloudforgesoftware,applied,Thu Apr 17 2025 10:59:11 GMT-0400 (Eastern Daylight Time)
Software Engineer (File System),https://www.linkedin.com/jobs/view/4178188552/,https://www.linkedin.com/company/alibaba-cloud-computing-company,applied,Thu Apr 17 2025 10:41:15 GMT-0400 (Eastern Daylight Time)
Backend Software Engineer - CapCut - Seattle (SEA),https://www.linkedin.com/jobs/view/4195680223/,https://www.linkedin.com/company/bytedance,applied,Thu Apr 17 2025 10:38:58 GMT-0400 (Eastern Daylight Time)
Software Engineer (Cloud Storage Services),https://www.linkedin.com/jobs/view/4178183969/,https://www.linkedin.com/company/alibaba-cloud-computing-company,applied,Thu Apr 17 2025 10:38:25 GMT-0400 (Eastern Daylight Time)
Software Engineer (Data Platform),https://www.linkedin.com/jobs/view/4198719659/,https://www.linkedin.com/company/wearenupeople,applied,Thu Apr 17 2025 07:03:55 GMT-0400 (Eastern Daylight Time)
"Software Engineer, Database System",https://www.linkedin.com/jobs/view/4208285136/,https://www.linkedin.com/company/celerdata,applied,Mon Apr 14 2025 11:45:26 GMT-0400 (Eastern Daylight Time)
Backend Software Engineer - Security Engineering - San Jose,https://www.linkedin.com/jobs/view/4207903460/,https://www.linkedin.com/company/bytedance,applied,Mon Apr 14 2025 11:12:00 GMT-0400 (Eastern Daylight Time)
Founding Engineer,https://www.linkedin.com/jobs/view/1928189379/,https://www.linkedin.com/company/trata-inc,applied,Mon Apr 14 2025 11:10:57 GMT-0400 (Eastern Daylight Time)
Software Engineer II (FS -React),https://www.linkedin.com/jobs/view/4208237607/,https://www.linkedin.com/company/chewy-com,applied,Mon Apr 14 2025 11:10:16 GMT-0400 (Eastern Daylight Time)
Software Engineer,https://www.linkedin.com/jobs/view/4208762456/,https://www.linkedin.com/company/roku,applied,Mon Apr 14 2025 11:09:44 GMT-0400 (Eastern Daylight Time)
"Network Software Development Engineer, High Speed Network",https://www.linkedin.com/jobs/view/4207491548/,https://www.linkedin.com/company/bytedance,applied,Sun Apr 13 2025 13:45:32 GMT-0400 (Eastern Daylight Time)
Frontend Engineer,https://www.linkedin.com/jobs/view/4204967879/,https://www.linkedin.com/company/spiffy-ai,applied,Thu Apr 10 2025 22:29:45 GMT-0400 (Eastern Daylight Time)
"Backend Software Engineer, Cloud Platform",https://job-boards.greenhouse.io/coreweave/jobs/4442021006,https://job-boards.greenhouse.io/coreweave,applied,Wed Apr 09 2025 21:26:40 GMT-0400 (Eastern Daylight Time)
Software Engineer - SWE 3,https://www.linkedin.com/jobs/view/4203574248/,https://www.linkedin.com/company/yext,applied,Wed Apr 09 2025 21:25:20 GMT-0400 (Eastern Daylight Time)
"Software Engineer (New Grad), Search Feed",https://job-boards.greenhouse.io/airbnb/jobs/6784430,https://job-boards.greenhouse.io/airbnb,applied,Wed Apr 09 2025 07:44:25 GMT-0400 (Eastern Daylight Time)
"Software Engineer, Data Platform",https://jobs.ashbyhq.com/middesk/e52c2b76-102e-470d-8612-675d3952042a,https://www.middesk.com/,applied,Tue Apr 08 2025 07:07:34 GMT-0400 (Eastern Daylight Time)
Software Engineer/Senior Software Engineer,https://roche.wd3.myworkdayjobs.com/en-US/ROG-A2O-GENE/job/New-York-City/Software-Engineer-Senior-Software-Engineer_202504-108457,https://www.gene.com/careers,interview,Mon Apr 07 2025 15:57:16 GMT-0400 (Eastern Daylight Time)
Software Engineer II - Accommodations,https://external-workingatbooking.icims.com/jobs/16515/software-engineer-ii---accommodations/job,https://external-workingatbooking.icims.com/jobs/dashboard,applied,Mon Apr 07 2025 15:45:50 GMT-0400 (Eastern Daylight Time)
Backend Software Engineer,https://www.linkedin.com/jobs/view/4145830144/,https://www.linkedin.com/company/xpander-ai,applied,Mon Apr 07 2025 14:51:46 GMT-0400 (Eastern Daylight Time)
Site Reliability Engineer,https://www.linkedin.com/jobs/view/4157830836/,https://www.linkedin.com/company/tradeweb,applied,Mon Apr 07 2025 14:51:12 GMT-0400 (Eastern Daylight Time)
Founding Engineer,https://www.linkedin.com/jobs/view/4180018017/,https://www.linkedin.com/company/enrich-labs-ai,applied,Mon Apr 07 2025 14:43:24 GMT-0400 (Eastern Daylight Time)
Backend Engineer - Hybrid NYC - FinTech startup,https://www.linkedin.com/jobs/view/4185481723/,https://www.linkedin.com/company/thedeveloperlink,applied,Mon Apr 07 2025 14:42:42 GMT-0400 (Eastern Daylight Time)
Software Engineer,https://www.linkedin.com/jobs/view/4191451271/,https://www.linkedin.com/company/arista-networks-inc,applied,Mon Apr 07 2025 13:41:35 GMT-0400 (Eastern Daylight Time)
Analytics Software Developer,https://www.linkedin.com/jobs/view/4200998356/,https://www.linkedin.com/company/alert-labs-inc-,applied,Mon Apr 07 2025 13:40:40 GMT-0400 (Eastern Daylight Time)
Software Engineer III,https://www.linkedin.com/jobs/view/4198727430/,https://www.linkedin.com/company/emburse,applied,Mon Apr 07 2025 13:40:16 GMT-0400 (Eastern Daylight Time)
Analytics Engineer,https://www.linkedin.com/jobs/view/4198210500/,https://www.linkedin.com/company/financeit,applied,Mon Apr 07 2025 13:39:17 GMT-0400 (Eastern Daylight Time)
Full Stack Engineer,https://www.linkedin.com/jobs/view/4200498524/,https://www.linkedin.com/company/avenuecode,applied,Mon Apr 07 2025 13:38:51 GMT-0400 (Eastern Daylight Time)
Intermediate Backend Software Developer (Golang),https://www.linkedin.com/jobs/view/4202909589/,https://www.linkedin.com/company/textnow,applied,Mon Apr 07 2025 13:36:54 GMT-0400 (Eastern Daylight Time)
"Software Developer, Full Stack",https://www.linkedin.com/jobs/view/4203258931/,https://www.linkedin.com/company/financeit,applied,Mon Apr 07 2025 13:34:46 GMT-0400 (Eastern Daylight Time)
Big Data Engineer - C13 - IRVING,https://citi.wd5.myworkdayjobs.com/en-US/2/job/Irving-Texas-United-States/Big-Data-Engineer---C13---IRVING_25850598,https://citi.wd5.myworkdayjobs.com/en-US/2,applied,Sun Apr 06 2025 23:25:22 GMT-0400 (Eastern Daylight Time)
"Big Data Engineer/Developer, AVP (C12)",https://citi.wd5.myworkdayjobs.com/en-US/2/job/Jersey-City-New-Jersey-United-States/Big-Data-Engineer-Developer--AVP--C12-_25843796,https://citi.wd5.myworkdayjobs.com/en-US/2,applied,Sun Apr 06 2025 23:14:18 GMT-0400 (Eastern Daylight Time)
Senior Software Engineer,https://www.linkedin.com/jobs/view/4200977250/,https://www.linkedin.com/company/getairpay,applied,Sun Apr 06 2025 23:09:01 GMT-0400 (Eastern Daylight Time)
"Java Software Engineer with Python - AVP - RUTHERFORD, NJ",https://citi.wd5.myworkdayjobs.com/en-US/2/job/Rutherford-New-Jersey-United-States/Java-Software-Engineer-with-Python---AVP---RUTHERFORD--NJ_25844382,https://citi.wd5.myworkdayjobs.com/en-US/2,rejected,Sun Apr 06 2025 23:08:34 GMT-0400 (Eastern Daylight Time)
,https://jobs.jobvite.com/appfolio/job/oWnAvfw8,https://jobs.jobvite.com/appfolio,applied,Sun Apr 06 2025 21:08:15 GMT-0400 (Eastern Daylight Time)
Data Engineer,https://www.linkedin.com/jobs/view/4195859571/,https://www.linkedin.com/company/strativgroup,applied,Sun Apr 06 2025 21:00:04 GMT-0400 (Eastern Daylight Time)
Data Engineer,https://www.linkedin.com/jobs/view/4150398486/,https://www.linkedin.com/company/bdg,applied,Sun Apr 06 2025 20:59:43 GMT-0400 (Eastern Daylight Time)
Full Stack Engineer,https://www.linkedin.com/jobs/view/4179189554/,https://www.linkedin.com/company/misprint-inc,applied,Sun Apr 06 2025 20:58:45 GMT-0400 (Eastern Daylight Time)
Software Engineer,https://www.linkedin.com/jobs/view/4189005343/,https://www.linkedin.com/company/guac-ai,applied,Sun Apr 06 2025 20:58:22 GMT-0400 (Eastern Daylight Time)
Python Developer,https://www.linkedin.com/jobs/view/4202380652/,https://www.linkedin.com/company/burgeonix,applied,Sun Apr 06 2025 20:54:05 GMT-0400 (Eastern Daylight Time)
Backend Software Engineer,https://jobs.ashbyhq.com/anglehealth/926e6c68-fc86-4c16-9e57-64b64fc71d0c,https://www.anglehealth.com/,applied,Sun Apr 06 2025 20:49:40 GMT-0400 (Eastern Daylight Time)
Frontend Software Engineer - React / Typescript (Backstage),https://castandcrew.wd5.myworkdayjobs.com/en-US/Backstage/job/New-York/Frontend-Software-Engineer_JR100151,https://castandcrew.wd5.myworkdayjobs.com/en-US/Backstage,applied,Sun Apr 06 2025 11:06:53 GMT-0400 (Eastern Daylight Time)
Backend Software Engineer,https://castandcrew.wd5.myworkdayjobs.com/en-US/Backstage/job/New-York/Backend-Software-Engineer_JR100149,https://castandcrew.wd5.myworkdayjobs.com/en-US/Backstage,applied,Sun Apr 06 2025 11:04:41 GMT-0400 (Eastern Daylight Time)
Full Stack Engineer,https://www.linkedin.com/jobs/view/4137445310/,https://www.linkedin.com/company/adsgency-ai,applied,Sun Apr 06 2025 10:56:09 GMT-0400 (Eastern Daylight Time)
Backend Engineer,https://www.linkedin.com/jobs/view/4189803600/,https://www.linkedin.com/company/amicus-recruitment,applied,Sun Apr 06 2025 10:54:31 GMT-0400 (Eastern Daylight Time)
"Software Engineer, Ads Infrastructure - Measurement",https://job-boards.greenhouse.io/moloco/jobs/6509349003,https://job-boards.greenhouse.io/moloco,applied,Sun Apr 06 2025 10:47:13 GMT-0400 (Eastern Daylight Time)
Software Engineer I (Toronto),https://jobs.ashbyhq.com/Jerry/f9dc3c74-047b-4881-aaf3-8b9fc06d54e6,https://getjerry.com/,applied,Sun Apr 06 2025 07:33:17 GMT-0400 (Eastern Daylight Time)
"Software Engineer- Data ",https://jobs.ashbyhq.com/statsig/24ea4c8e-4c60-496f-ba98-5fffd7a8fe8b,https://statsig.com/,applied,Sat Apr 05 2025 13:51:34 GMT-0400 (Eastern Daylight Time)
Software Engineer - Backend,https://www.indeed.com/viewjob?jk=0e9f9d6f8831a31d,https://www.indeed.com/cmp/Brigit,applied,Thu Apr 03 2025 16:41:23 GMT-0400 (Eastern Daylight Time)
"Full Stack Engineer (NY, NY)",https://www.linkedin.com/jobs/view/3859513400/,https://www.linkedin.com/company/getzealthy,applied,Wed Apr 02 2025 19:59:35 GMT-0400 (Eastern Daylight Time)
Full Stack Engineer,https://www.linkedin.com/jobs/view/4199879843/,https://www.linkedin.com/company/sparrowfi,applied,Wed Apr 02 2025 19:47:25 GMT-0400 (Eastern Daylight Time)
Software Engineer,https://www.linkedin.com/jobs/view/4063862978/,https://www.linkedin.com/company/gowindmill,applied,Wed Apr 02 2025 19:46:58 GMT-0400 (Eastern Daylight Time)
"Software Engineer, AI-Driven Automation",https://www.linkedin.com/jobs/view/4181823348/,https://www.linkedin.com/company/castle-intelligence,applied,Wed Apr 02 2025 19:46:42 GMT-0400 (Eastern Daylight Time)
Engineer (New Grad),https://www.linkedin.com/jobs/view/4193241808/,https://www.linkedin.com/company/nimblerx,applied,Wed Apr 02 2025 19:44:22 GMT-0400 (Eastern Daylight Time)
Data Engineer I,https://www.linkedin.com/jobs/view/4196467919/,https://www.linkedin.com/company/grubhub-seamless,applied,Wed Apr 02 2025 19:42:23 GMT-0400 (Eastern Daylight Time)
Full Stack (Backend) Software Engineer II - Employee Experience,https://www.indeed.com/viewjob?jk=c4bf916b0aa6e7c7,https://www.indeed.com/cmp/Rippling,applied,Wed Apr 02 2025 00:46:29 GMT-0400 (Eastern Daylight Time)
Senior Full Stack Engineer,https://www.indeed.com/viewjob?jk=9932642a09eb1e4a,https://www.indeed.com/cmp/Revv,applied,Wed Apr 02 2025 00:09:56 GMT-0400 (Eastern Daylight Time)
"Senior Software Engineer, Back Office",https://jobs.lever.co/voleon/d21cbffd-6fa8-4aad-a531-b061e3541f7e,http://voleon.com/,applied,Tue Apr 01 2025 23:55:37 GMT-0400 (Eastern Daylight Time)
"Software Engineer, Credit Cards & Banking Platform",https://job-boards.greenhouse.io/robinhood/jobs/6344967,https://job-boards.greenhouse.io/robinhood,applied,Tue Apr 01 2025 23:32:04 GMT-0400 (Eastern Daylight Time)
Data Engineer,https://jobs.ashbyhq.com/MotherDuck/4bb40c69-75db-4ea4-b2dd-6d9cc290860f,https://motherduck.com/,applied,Tue Apr 01 2025 23:26:57 GMT-0400 (Eastern Daylight Time)
"Product Engineer, Data",https://jobs.ashbyhq.com/radar/290c1bf5-4a65-4317-95e7-a47c6add18c5,https://radar.com/,applied,Tue Apr 01 2025 23:21:02 GMT-0400 (Eastern Daylight Time)
Software Engineer (Backend/Data),https://jobs.ashbyhq.com/fathom/6b6af36c-7e60-406d-acfa-1754875723db,https://fathomhealth.com/,applied,Tue Apr 01 2025 23:19:21 GMT-0400 (Eastern Daylight Time)
Software Engineer- Growth Platform,https://jobs.ashbyhq.com/snowflake/893e9340-e675-47ee-a1b3-9d047589f916,https://www.snowflake.com/,applied,Tue Apr 01 2025 23:11:26 GMT-0400 (Eastern Daylight Time)
Software Engineer - Wallet Core,https://job-boards.greenhouse.io/bitgo/jobs/7866255002,https://job-boards.greenhouse.io/bitgo,applied,Tue Apr 01 2025 23:02:49 GMT-0400 (Eastern Daylight Time)
Software Engineer - Onboarding,https://job-boards.greenhouse.io/bitgo/jobs/7876841002,https://job-boards.greenhouse.io/bitgo,applied,Tue Apr 01 2025 23:00:11 GMT-0400 (Eastern Daylight Time)
Senior Fullstack Engineer (Backend) - HRIS Company Team,https://www.indeed.com/viewjob?jk=c1996fa626bab4da,https://www.indeed.com/cmp/Rippling,applied,Tue Apr 01 2025 21:53:34 GMT-0400 (Eastern Daylight Time)
Software Engineer III - Data Infrastructure,https://www.indeed.com/viewjob?jk=4ad6b60317a60340,https://www.indeed.com/cmp/Lead-Bank,applied,Tue Apr 01 2025 21:52:28 GMT-0400 (Eastern Daylight Time)
Lead Machine Learning Engineer,https://www.indeed.com/viewjob?jk=7a5b8c6d7c052d32,https://www.indeed.com/cmp/iVisa.com,applied,Tue Apr 01 2025 21:50:31 GMT-0400 (Eastern Daylight Time)
Senior Backend Engineer,https://www.indeed.com/viewjob?jk=4baf2226c18eb0ca,https://www.indeed.com/cmp/RainesDev,applied,Tue Apr 01 2025 21:49:07 GMT-0400 (Eastern Daylight Time)
Backend Engineer,https://www.indeed.com/viewjob?jk=0adcfccd603322b4,https://www.indeed.com/cmp/Brain-Co.,applied,Tue Apr 01 2025 21:34:44 GMT-0400 (Eastern Daylight Time)
Full Stack Engineer II (Backend) - Time Products,https://www.indeed.com/viewjob?jk=d03478e64df3d2fd,https://www.indeed.com/cmp/Rippling,applied,Tue Apr 01 2025 21:33:21 GMT-0400 (Eastern Daylight Time)